{
  "extended__grvt": {
    "SOL/USD": [
      {
        "ts": 1774370606.371231,
        "best_net_pct": 23.323
      }
    ],
    "LINK/USD": [
      {
        "ts": 1774370606.371231,
        "best_net_pct": 16.973
      }
    ],
    "XRP/USD": [
      {
        "ts": 1774370606.371231,
        "best_net_pct": 14.454
      }
    ],
    "ETH/USD": [
      {
        "ts": 1774370606.371231,
        "best_net_pct": 6.022
      }
    ],
    "BTC/USD": [
      {
        "ts": 1774370606.371231,
        "best_net_pct": 5.365
      }
    ],
    "AVAX/USD": [
      {
        "ts": 1774370606.371231,
        "best_net_pct": 4.708
      }
    ],
    "ARB/USD": [
      {
        "ts": 1774370606.371231,
        "best_net_pct": 0.438
      }
    ],
    "DOGE/USD": [
      {
        "ts": 1774370606.371231,
        "best_net_pct": 0.438
      }
    ],
    "OP/USD": [
      {
        "ts": 1774370606.371231,
        "best_net_pct": 0.438
      }
    ]
  }
}